Workbook

Sheet Sheet1
A1: id_barrio | B1: cod_distrito | C1: nombre_distrito | D1: nombre_barrio | E1: n_anuncios_total | F1: n_viviendas | G1: lat_c | H1: lon_c | I1: m2_vivienda | J1: precio_m2_vivienda | K1: alquiler_mes | L1: renta_media_hogar | M1: densidad_anuncios | N1: renta_media_persona | O1: distancia_centro_km | P1: crec_demografico_pct | Q1: aporte_airbnb_eur_m2 | R1: aporte_distancia_eur_m2 | S1: aporte_renta_eur_m2 | T1: aporte_crecimiento_eur_m2 | U1: aporte_total_eur_m2 | V1: efecto_airbnb_eur_mes | W1: efecto_distancia_m2 | X1: efecto_renta_m2 | Y1: efecto_crecimiento_m2 | Z1: efecto_total_eur_m2 | AA1: pct_airbnb | AB1: pct_distancia | AC1: pct_renta | AD1: pct_crecimiento | AE1: alquiler_50m2 | AF1: alquiler_70m2 | AG1: alquiler_100m2 | AH1: esfuerzo_hogar_50m2 | AI1: esfuerzo_hogar_70m2 | AJ1: esfuerzo_hogar_100m2 | AK1: Cluster | AL1: tipo_cluster
A2: 01011 | B2: 01 | C2: Centro | D2: Palacio | E2: 1689 | F2: 13643 | G2: 40.414963 | H2: -3.715599 | I2: 72.31 | J2: 24.6 | K2: =I2*J2 -> 1778.826 | L2: 48025 | M2: =E2/F2*100 -> 12.379975 | N2: 23770 | O2: 1.048 | P2: 3.4745887 | Q2: =Coeficiente!$E$19*(Sheet1!M2-Coeficiente!$B$5) -> 1.207303 | R2: =Coeficiente!$E$21*(Sheet1!O2-Coeficiente!$B$6) -> 3.2277949 | S2: =Coeficiente!$E$20*(Sheet1!N2-Coeficiente!$B$7) -> 0.33984555 | T2: =Coeficiente!$E$22*(Sheet1!P2-Coeficiente!$B$8) -> 0.003772056 | U2: =Q2+R2+S2+T2 -> 4.7787155 | V2: =Q2*I2 -> 87.300079 | W2: =R2*I2 -> 233.40185 | X2: =S2*I2 -> 24.574232 | Y2: =T2*I2 -> 0.27275737 | Z2: =V2+W2+X2+Y2 -> 345.54892 | AA2: =Q2/J2 -> 0.049077357 | AB2: =R2/J2 -> 0.13121118 | AC2: =S2/J2 -> 0.01381486 | AD2: =T2/J2 -> 0.00015333561 | AE2: =50*J2 -> 1230 | AF2: =70*J2 -> 1722 | AG2: =100*J2 -> 2460 | AH2: =(12*AE2)/L2 -> 0.30733993 | AI2: =(12*AF2)/L2 -> 0.4302759 | AJ2: =(12*AG2)/L2 -> 0.61467985 | AK2: 2 | AL2: Centro turístico
A3: 01012 | B3: 01 | C3: Centro | D3: Embajadores | E3: 2456 | F3: 25770 | G3: 40.409556 | H3: -3.701533 | I3: 56.61 | J3: 25.7 | K3: =I3*J3 -> 1454.877 | L3: 37741 | M3: =E3/F3*100 -> 9.5304618 | N3: 18177 | O3: 0.838 | P3: 5.0340739 | Q3: =Coeficiente!$E$19*(Sheet1!M3-Coeficiente!$B$5) -> 0.88111371 | R3: =Coeficiente!$E$21*(Sheet1!O3-Coeficiente!$B$6) -> 3.3938647 | S3: =Coeficiente!$E$20*(Sheet1!N3-Coeficiente!$B$7) -> -0.7485211 | T3: =Coeficiente!$E$22*(Sheet1!P3-Coeficiente!$B$8) -> 0.26581138 | U3: =Q3+R3+S3+T3 -> 3.7922687 | V3: =Q3*I3 -> 49.879847 | W3: =R3*I3 -> 192.12668 | X3: =S3*I3 -> -42.37378 | Y3: =T3*I3 -> 15.047582 | Z3: =V3+W3+X3+Y3 -> 214.68033 | AA3: =Q3/J3 -> 0.03428458 | AB3: =R3/J3 -> 0.13205699 | AC3: =S3/J3 -> -0.029125335 | AD3: =T3/J3 -> 0.010342855 | AE3: =50*J3 -> 1285 | AF3: =70*J3 -> 1799 | AG3: =100*J3 -> 2570 | AH3: =(12*AE3)/L3 -> 0.40857423 | AI3: =(12*AF3)/L3 -> 0.57200392 | AJ3: =(12*AG3)/L3 -> 0.81714846 | AK3: 2 | AL3: Centro turístico
A4: 01013 | B4: 01 | C4: Centro | D4: Cortes | E4: 1056 | F4: 6656 | G4: 40.414428 | H4: -3.698533 | I4: 89.04 | J4: 26.1 | K4: =I4*J4 -> 2323.944 | L4: 49485 | M4: =E4/F4*100 -> 15.865385 | N4: 24671 | O4: 0.508 | P4: 3.2291809 | Q4: =Coeficiente!$E$19*(Sheet1!M4-Coeficiente!$B$5) -> 1.6062845 | R4: =Coeficiente!$E$21*(Sheet1!O4-Coeficiente!$B$6) -> 3.6548314 | S4: =Coeficiente!$E$20*(Sheet1!N4-Coeficiente!$B$7) -> 0.51517514 | T4: =Coeficiente!$E$22*(Sheet1!P4-Coeficiente!$B$8) -> -0.037463663 | U4: =Q4+R4+S4+T4 -> 5.7388274 | V4: =Q4*I4 -> 143.02358 | W4: =R4*I4 -> 325.42619 | X4: =S4*I4 -> 45.871194 | Y4: =T4*I4 -> -3.3357645 | Z4: =V4+W4+X4+Y4 -> 510.98519 | AA4: =Q4/J4 -> 0.061543469 | AB4: =R4/J4 -> 0.14003185 | AC4: =S4/J4 -> 0.019738511 | AD4: =T4/J4 -> -0.0014353894 | AE4: =50*J4 -> 1305 | AF4: =70*J4 -> 1827 | AG4: =100*J4 -> 2610 | AH4: =(12*AE4)/L4 -> 0.31645953 | AI4: =(12*AF4)/L4 -> 0.44304335 | AJ4: =(12*AG4)/L4 -> 0.63291907 | AK4: 2 | AL4: Centro turístico
A5: 01014 | B5: 01 | C5: Centro | D5: Justicia | E5: 1128 | F5: 10724 | G5: 40.423892 | H5: -3.69581 | I5: 92.61 | J5: 27.9 | K5: =I5*J5 -> 2583.819 | L5: 57745 | M5: =E5/F5*100 -> 10.518463 | N5: 28051 | O5: 1.011 | P5: 2.8140051 | Q5: =Coeficiente!$E$19*(Sheet1!M5-Coeficiente!$B$5) -> 0.99421215 | R5: =Coeficiente!$E$21*(Sheet1!O5-Coeficiente!$B$6) -> 3.2570548 | S5: =Coeficiente!$E$20*(Sheet1!N5-Coeficiente!$B$7) -> 1.1729043 | T5: =Coeficiente!$E$22*(Sheet1!P5-Coeficiente!$B$8) -> -0.10722539 | U5: =Q5+R5+S5+T5 -> 5.3169459 | V5: =Q5*I5 -> 92.073987 | W5: =R5*I5 -> 301.63585 | X5: =S5*I5 -> 108.62267 | Y5: =T5*I5 -> -9.9301436 | Z5: =V5+W5+X5+Y5 -> 492.40236 | AA5: =Q5/J5 -> 0.035634844 | AB5: =R5/J5 -> 0.11674032 | AC5: =S5/J5 -> 0.042039581 | AD5: =T5/J5 -> -0.003843204 | AE5: =50*J5 -> 1395 | AF5: =70*J5 -> 1953 | AG5: =100*J5 -> 2790 | AH5: =(12*AE5)/L5 -> 0.28989523 | AI5: =(12*AF5)/L5 -> 0.40585332 | AJ5: =(12*AG5)/L5 -> 0.57979046 | AK5: 2 | AL5: Centro turístico
A6: 01015 | B6: 01 | C6: Centro | D6: Universidad | E6: 1954 | F6: 20306 | G6: 40.425368 | H6: -3.706673 | I6: 68.09 | J6: 25.9 | K6: =I6*J6 -> 1763.531 | L6: 45078 | M6: =E6/F6*100 -> 9.6227716 | N6: 22689 | O6: 0.972 | P6: 3.8590403 | Q6: =Coeficiente!$E$19*(Sheet1!M6-Coeficiente!$B$5) -> 0.8916806 | R6: =Coeficiente!$E$21*(Sheet1!O6-Coeficiente!$B$6) -> 3.2878963 | S6: =Coeficiente!$E$20*(Sheet1!N6-Coeficiente!$B$7) -> 0.12948897 | T6: =Coeficiente!$E$22*(Sheet1!P6-Coeficiente!$B$8) -> 0.068371228 | U6: =Q6+R6+S6+T6 -> 4.3774371 | V6: =Q6*I6 -> 60.714532 | W6: =R6*I6 -> 223.87286 | X6: =S6*I6 -> 8.8169042 | Y6: =T6*I6 -> 4.6553969 | Z6: =V6+W6+X6+Y6 -> 298.05969 | AA6: =Q6/J6 -> 0.034427822 | AB6: =R6/J6 -> 0.1269458 | AC6: =S6/J6 -> 0.0049995742 | AD6: =T6/J6 -> 0.0026398157 | AE6: =50*J6 -> 1295 | AF6: =70*J6 -> 1813 | AG6: =100*J6 -> 2590 | AH6: =(12*AE6)/L6 -> 0.34473579 | AI6: =(12*AF6)/L6 -> 0.48263011 | AJ6: =(12*AG6)/L6 -> 0.68947158 | AK6: 2 | AL6: Centro turístico
A7: 01016 | B7: 01 | C7: Centro | D7: Sol | E7: 1254 | F7: 4704 | G7: 40.416914 | H7: -3.704449 | I7: 91.51 | J7: 25.5 | K7: =I7*J7 -> 2333.505 | L7: 44128 | M7: =E7/F7*100 -> 26.658163 | N7: 21020 | O7: 0.078 | P7: 4.1031794 | Q7: =Coeficiente!$E$19*(Sheet1!M7-Coeficiente!$B$5) -> 2.8417547 | R7: =Coeficiente!$E$21*(Sheet1!O7-Coeficiente!$B$6) -> 3.994879 | S7: =Coeficiente!$E$20*(Sheet1!N7-Coeficiente!$B$7) -> -0.19528913 | T7: =Coeficiente!$E$22*(Sheet1!P7-Coeficiente!$B$8) -> 0.10939376 | U7: =Q7+R7+S7+T7 -> 6.7507383 | V7: =Q7*I7 -> 260.04897 | W7: =R7*I7 -> 365.57138 | X7: =S7*I7 -> -17.870909 | Y7: =T7*I7 -> 10.010623 | Z7: =V7+W7+X7+Y7 -> 617.76006 | AA7: =Q7/J7 -> 0.11144136 | AB7: =R7/J7 -> 0.15666192 | AC7: =S7/J7 -> -0.0076583974 | AD7: =T7/J7 -> 0.0042899513 | AE7: =50*J7 -> 1275 | AF7: =70*J7 -> 1785 | AG7: =100*J7 -> 2550 | AH7: =(12*AE7)/L7 -> 0.34671864 | AI7: =(12*AF7)/L7 -> 0.48540609 | AJ7: =(12*AG7)/L7 -> 0.69343727 | AK7: 2 | AL7: Centro turístico
A8: 02021 | B8: 02 | C8: Arganzuela | D8: Imperial | E8: 182 | F8: 11784 | G8: 40.406933 | H8: -3.717434 | I8: 81.21 | J8: 21.9 | K8: =I8*J8 -> 1778.499 | L8: 54669 | M8: =E8/F8*100 -> 1.5444671 | N8: 23591 | O8: 1.621 | P8: 1.2562981 | Q8: =Coeficiente!$E$19*(Sheet1!M8-Coeficiente!$B$5) -> -0.033058483 | R8: =Coeficiente!$E$21*(Sheet1!O8-Coeficiente!$B$6) -> 2.7746617 | S8: =Coeficiente!$E$20*(Sheet1!N8-Coeficiente!$B$7) -> 0.30501315 | T8: =Coeficiente!$E$22*(Sheet1!P8-Coeficiente!$B$8) -> -0.36896592 | U8: =Q8+R8+S8+T8 -> 2.6776505 | V8: =Q8*I8 -> -2.6846794 | W8: =R8*I8 -> 225.33028 | X8: =S8*I8 -> 24.770118 | Y8: =T8*I8 -> -29.963722 | Z8: =V8+W8+X8+Y8 -> 217.452 | AA8: =Q8/J8 -> -0.0015095198 | AB8: =R8/J8 -> 0.12669688 | AC8: =S8/J8 -> 0.013927541 | AD8: =T8/J8 -> -0.016847759 | AE8: =50*J8 -> 1095 | AF8: =70*J8 -> 1533 | AG8: =100*J8 -> 2190 | AH8: =(12*AE8)/L8 -> 0.24035559 | AI8: =(12*AF8)/L8 -> 0.33649783 | AJ8: =(12*AG8)/L8 -> 0.48071119 | AK8: 1 | AL8: Residencial asequible
A9: 02022 | B9: 02 | C9: Arganzuela | D9: Acacias | E9: 200 | F9: 17784 | G9: 40.400963 | H9: -3.706857 | I9: 79.54 | J9: 21.8 | K9: =I9*J9 -> 1733.972 | L9: 56322 | M9: =E9/F9*100 -> 1.1246064 | N9: 24444 | O9: 1.797 | P9: 1.1193207 | Q9: =Coeficiente!$E$19*(Sheet1!M9-Coeficiente!$B$5) -> -0.081120744 | R9: =Coeficiente!$E$21*(Sheet1!O9-Coeficiente!$B$6) -> 2.6354795 | S9: =Coeficiente!$E$20*(Sheet1!N9-Coeficiente!$B$7) -> 0.4710022 | T9: =Coeficiente!$E$22*(Sheet1!P9-Coeficiente!$B$8) -> -0.39198216 | U9: =Q9+R9+S9+T9 -> 2.6333788 | V9: =Q9*I9 -> -6.452344 | W9: =R9*I9 -> 209.62604 | X9: =S9*I9 -> 37.463515 | Y9: =T9*I9 -> -31.178261 | Z9: =V9+W9+X9+Y9 -> 209.45895 | AA9: =Q9/J9 -> -0.0037211351 | AB9: =R9/J9 -> 0.12089355 | AC9: =S9/J9 -> 0.021605606 | AD9: =T9/J9 -> -0.017980833 | AE9: =50*J9 -> 1090 | AF9: =70*J9 -> 1526 | AG9: =100*J9 -> 2180 | AH9: =(12*AE9)/L9 -> 0.23223607 | AI9: =(12*AF9)/L9 -> 0.3251305 | AJ9: =(12*AG9)/L9 -> 0.46447214 | AK9: 1 | AL9: Residencial asequible
A10: 02023 | B10: 02 | C10: Arganzuela | D10: Chopera | E10: 134 | F10: 9730 | G10: 40.394799 | H10: -3.699528 | I10: 67.47 | J10: 22.4 | K10: =I10*J10 -> 1511.328 | L10: 43195 | M10: =E10/F10*100 -> 1.377184 | N10: 18830 | O10: 2.482 | P10: 2.4739486 | Q10: =Coeficiente!$E$19*(Sheet1!M10-Coeficiente!$B$5) -> -0.052207702 | R10: =Coeficiente!$E$21*(Sheet1!O10-Coeficiente!$B$6) -> 2.0937758 | S10: =Coeficiente!$E$20*(Sheet1!N10-Coeficiente!$B$7) -> -0.62145094 | T10: =Coeficiente!$E$22*(Sheet1!P10-Coeficiente!$B$8) -> -0.16436488 | U10: =Q10+R10+S10+T10 -> 1.2557522 | V10: =Q10*I10 -> -3.5224537 | W10: =R10*I10 -> 141.26705 | X10: =S10*I10 -> -41.929295 | Y10: =T10*I10 -> -11.089698 | Z10: =V10+W10+X10+Y10 -> 84.725604 | AA10: =Q10/J10 -> -0.002330701 | AB10: =R10/J10 -> 0.093472132 | AC10: =S10/J10 -> -0.027743346 | AD10: =T10/J10 -> -0.0073377177 | AE10: =50*J10 -> 1120 | AF10: =70*J10 -> 1568 | AG10: =100*J10 -> 2240 | AH10: =(12*AE10)/L10 -> 0.31114712 | AI10: =(12*AF10)/L10 -> 0.43560597 | AJ10: =(12*AG10)/L10 -> 0.62229425 | AK10: 0 | AL10: Residencial caro
A11: 02024 | B11: 02 | C11: Arganzuela | D11: Legazpi | E11: 44 | F11: 8936 | G11: 40.388086 | H11: -3.688609 | I11: 88.06 | J11: 19.6 | K11: =I11*J11 -> 1725.976 | L11: 63915 | M11: =E11/F11*100 -> 0.49239033 | N11: 25356 | O11: 3.445 | P11: 1.9834206 | Q11: =Coeficiente!$E$19*(Sheet1!M11-Coeficiente!$B$5) -> -0.15349173 | R11: =Coeficiente!$E$21*(Sheet1!O11-Coeficiente!$B$6) -> 1.3322273 | S11: =Coeficiente!$E$20*(Sheet1!N11-Coeficiente!$B$7) -> 0.64847232 | T11: =Coeficiente!$E$22*(Sheet1!P11-Coeficiente!$B$8) -> -0.24678798 | U11: =Q11+R11+S11+T11 -> 1.58042 | V11: =Q11*I11 -> -13.516482 | W11: =R11*I11 -> 117.31594 | X11: =S11*I11 -> 57.104473 | Y11: =T11*I11 -> -21.73215 | Z11: =V11+W11+X11+Y11 -> 139.17178 | AA11: =Q11/J11 -> -0.0078312109 | AB11: =R11/J11 -> 0.067970783 | AC11: =S11/J11 -> 0.033085323 | AD11: =T11/J11 -> -0.012591223 | AE11: =50*J11 -> 980 | AF11: =70*J11 -> 1372 | AG11: =100*J11 -> 1960 | AH11: =(12*AE11)/L11 -> 0.18399437 | AI11: =(12*AF11)/L11 -> 0.25759211 | AJ11: =(12*AG11)/L11 -> 0.36798874 | AK11: 1 | AL11: Residencial asequible
A12: 02025 | B12: 02 | C12: Arganzuela | D12: Delicias | E12: 172 | F12: 13814 | G12: 40.396153 | H12: -3.688425 | I12: 69.96 | J12: 23.1 | K12: =I12*J12 -> 1616.076 | L12: 53067 | M12: =E12/F12*100 -> 1.2451137 | N12: 22273 | O12: 2.64 | P12: 3.0668504 | Q12: =Coeficiente!$E$19*(Sheet1!M12-Coeficiente!$B$5) -> -0.067326045 | R12: =Coeficiente!$E$21*(Sheet1!O12-Coeficiente!$B$6) -> 1.968828 | S12: =Coeficiente!$E$20*(Sheet1!N12-Coeficiente!$B$7) -> 0.048537689 | T12: =Coeficiente!$E$22*(Sheet1!P12-Coeficiente!$B$8) -> -0.064739944 | U12: =Q12+R12+S12+T12 -> 1.8852997 | V12: =Q12*I12 -> -4.7101301 | W12: =R12*I12 -> 137.73921 | X12: =S12*I12 -> 3.3956967 | Y12: =T12*I12 -> -4.5292065 | Z12: =V12+W12+X12+Y12 -> 131.89557 | AA12: =Q12/J12 -> -0.0029145474 | AB12: =R12/J12 -> 0.085230651 | AC12: =S12/J12 -> 0.0021011987 | AD12: =T12/J12 -> -0.002802595 | AE12: =50*J12 -> 1155 | AF12: =70*J12 -> 1617 | AG12: =100*J12 -> 2310 | AH12: =(12*AE12)/L12 -> 0.26117926 | AI12: =(12*AF12)/L12 -> 0.36565097 | AJ12: =(12*AG12)/L12 -> 0.52235853 | AK12: 0 | AL12: Residencial caro
A13: 02026 | B13: 02 | C13: Arganzuela | D13: Palos de la Frontera | E13: 369 | F13: 13703 | G13: 40.4033 | H13: -3.694961 | I13: 65.13 | J13: 23.3 | K13: =I13*J13 -> 1517.529 | L13: 45803 | M13: =E13/F13*100 -> 2.692841 | N13: 21157 | O13: 1.68 | P13: 2.7236819 | Q13: =Coeficiente!$E$19*(Sheet1!M13-Coeficiente!$B$5) -> 0.098398091 | R13: =Coeficiente!$E$21*(Sheet1!O13-Coeficiente!$B$6) -> 2.728004 | S13: =Coeficiente!$E$20*(Sheet1!N13-Coeficiente!$B$7) -> -0.1686297 | T13: =Coeficiente!$E$22*(Sheet1!P13-Coeficiente!$B$8) -> -0.12240234 | U13: =Q13+R13+S13+T13 -> 2.5353701 | V13: =Q13*I13 -> 6.4086677 | W13: =R13*I13 -> 177.6749 | X13: =S13*I13 -> -10.982852 | Y13: =T13*I13 -> -7.9720647 | Z13: =V13+W13+X13+Y13 -> 165.12865 | AA13: =Q13/J13 -> 0.004223094 | AB13: =R13/J13 -> 0.11708172 | AC13: =S13/J13 -> -0.007237326 | AD13: =T13/J13 -> -0.0052533195 | AE13: =50*J13 -> 1165 | AF13: =70*J13 -> 1631 | AG13: =100*J13 -> 2330 | AH13: =(12*AE13)/L13 -> 0.30522018 | AI13: =(12*AF13)/L13 -> 0.42730825 | AJ13: =(12*AG13)/L13 -> 0.61044036 | AK13: 0 | AL13: Residencial caro
... A101: 21214 | B101: 21 | C101: Barajas | D101: Timón | E101: 61 | F101: 5333 | G101: 40.476321 | H101: -3.603938 | I101: 90.26 | J101: 16.7 | K101: =I101*J101 -> 1507.342 | L101: 51725 | M101: =E101/F101*100 -> 1.1438215 | N101: 19498 | O101: 10.713 | P101: 2.8712831 | Q101: =Coeficiente!$E$19*(Sheet1!M101-Coeficiente!$B$5) -> -0.078921155 | R101: =Coeficiente!$E$21*(Sheet1!O101-Coeficiente!$B$6) -> -4.4153676 | S101: =Coeficiente!$E$20*(Sheet1!N101-Coeficiente!$B$7) -> -0.49146186 | T101: =Coeficiente!$E$22*(Sheet1!P101-Coeficiente!$B$8) -> -0.097601007 | U101: =Q101+R101+S101+T101 -> -5.0833516 | V101: =Q101*I101 -> -7.1234234 | W101: =R101*I101 -> -398.53108 | X101: =S101*I101 -> -44.359347 | Y101: =T101*I101 -> -8.8094669 | Z101: =V101+W101+X101+Y101 -> -458.82332 | AA101: =Q101/J101 -> -0.0047258176 | AB101: =R101/J101 -> -0.26439327 | AC101: =S101/J101 -> -0.029428854 | AD101: =T101/J101 -> -0.0058443717 | AE101: =50*J101 -> 835 | AF101: =70*J101 -> 1169 | AG101: =100*J101 -> 1670 | AH101: =(12*AE101)/L101 -> 0.19371677 | AI101: =(12*AF101)/L101 -> 0.27120348 | AJ101: =(12*AG101)/L101 -> 0.38743354 | AK101: 1 | AL101: Residencial asequible

Sheet Coeficiente
D2: Resumen
D4: Estadísticas de la regresión
A5: Promedio_anuncio | B5: =AVERAGE(Sheet1!M:M) -> 1.8332583 | D5: Coeficiente de correlación múltiple | E5: 0.83657019
A6: Promedio_distancia | B6: =AVERAGE(Sheet1!O:O) -> 5.12964 | D6: Coeficiente de determinación R^2 | E6: 0.69984968
A7: Promedio_renta | B7: =AVERAGE(Sheet1!N:N) -> 22023.57 | D7: R^2 ajustado | E7: 0.68721177
A8: Promedio_Poblacion | B8: =AVERAGE(Sheet1!P:P) -> 3.4521399 | D8: Error típico | E8: 1.9984934
D9: Observaciones | E9: 100
D11: ANÁLISIS DE VARIANZA
E12: Grados de libertad | F12: Suma de cuadrados | G12: Promedio de los cuadrados | H12: F | I12: Valor crítico de F
D13: Regresión | E13: 4 | F13: 884.6979 | G13: 221.17447 | H13: 55.377019 | I13: 5.1069728e-24
D14: Residuos | E14: 95 | F14: 379.4277 | G14: 3.9939758
D15: Total | E15: 99 | F15: 1264.1256
E17: Coeficientes | F17: Error típico | G17: Estadístico t | H17: Probabilidad | I17: Inferior 95% | J17: Superior 95% | K17: Inferior 95,0% | L17: Superior 95,0%
D18: Intercepción | E18: 20.16898 | F18: 0.91258542 | G18: 22.100923 | H18: 3.2087066e-39 | I18: 18.357269 | J18: 21.980692 | K18: 18.357269 | L18: 21.980692
D19: densidad_anuncios | E19: 0.11447193 | F19: 0.064948547 | G19: 1.7625017 | H19: 0.081200773 | I19: -0.014467241 | J19: 0.24341109 | K19: -0.014467241 | L19: 0.24341109
D20: renta_media_persona | E20: 0.00019459443 | F20: 2.9978058e-05 | G20: 6.4912288 | H20: 3.8527954e-09 | I20: 0.00013508046 | J20: 0.0002541084 | K20: 0.00013508046 | L20: 0.0002541084
D21: distancia_centro_km | E21: -0.79080833 | F21: 0.079984176 | G21: -9.8870598 | H21: 2.8796213e-16 | I21: -0.94959699 | J21: -0.63201966 | K21: -0.94959699 | L21: -0.63201966
D22: crec_demografico_pct | E22: 0.16802938 | F22: 0.077575041 | G22: 2.1660237 | H22: 0.032812335 | I22: 0.01402345 | J22: 0.3220353 | K22: 0.01402345 | L22: 0.3220353
